{
  "Profiles": [
    {
      "Ansi 7 Color (Light)": {
        "Red Component": 0.7810397744178772,
        "Color Space": "sRGB",
        "Blue Component": 0.7810482978820801,
        "Alpha Component": 1,
        "Green Component": 0.7810582518577576
      },
      "Ansi 15 Color (Light)": {
        "Red Component": 0.9999960064888,
        "Color Space": "sRGB",
        "Blue Component": 1,
        "Alpha Component": 1,
        "Green Component": 1
      },
      "Ansi 2 Color (Light)": {
        "Red Component": 0,
        "Color Space": "sRGB",
        "Blue Component": 0,
        "Alpha Component": 1,
        "Green Component": 0.7607843279838562
      },
      "Bold Color": {
        "Red Component": 0.062745101749897,
        "Color Space": "sRGB",
        "Blue Component": 0.062745101749897,
        "Alpha Component": 1,
        "Green Component": 0.062745101749897
      },
      "Ansi 1 Color (Dark)": {
        "Red Component": 0.7074432373046875,
        "Color Space": "sRGB",
        "Blue Component": 0.16300037503242493,
        "Alpha Component": 1,
        "Green Component": 0.23660069704055786
      },
      "Use Bright Bold": true,
      "Ansi 9 Color (Light)": {
        "Red Component": 0.8659515380859375,
        "Color Space": "sRGB",
        "Blue Component": 0.45833224058151245,
        "Alpha Component": 1,
        "Green Component": 0.4752407670021057
      },
      "Ansi 8 Color (Dark)": {
        "Red Component": 0.4078176021575928,
        "Color Space": "sRGB",
        "Blue Component": 0.4078223705291748,
        "Alpha Component": 1,
        "Green Component": 0.40782788395881653
      },
      "Background Color": {
        "Red Component": 0.98,
        "Color Space": "sRGB",
        "Blue Component": 0.98,
        "Alpha Component": 1,
        "Green Component": 0.98
      },
      "Columns": 80,
      "Ansi 8 Color": {
        "Red Component": 0.4078176021575928,
        "Color Space": "sRGB",
        "Blue Component": 0.4078223705291748,
        "Alpha Component": 1,
        "Green Component": 0.40782788395881653
      },
      "Right Option Key Sends": 0,
      "Ansi 4 Color (Light)": {
        "Red Component": 0.15404300391674042,
        "Color Space": "sRGB",
        "Blue Component": 0.7821617722511292,
        "Alpha Component": 1,
        "Green Component": 0.2647435665130615
      },
      "Blinking Cursor": false,
      "Selected Text Color (Light)": {
        "Red Component": 0,
        "Color Space": "sRGB",
        "Blue Component": 0,
        "Alpha Component": 1,
        "Green Component": 0
      },
      "Selected Text Color (Dark)": {
        "Red Component": 0,
        "Color Space": "sRGB",
        "Blue Component": 0,
        "Alpha Component": 1,
        "Green Component": 0
      },
      "AWDS Pane Option": "Recycle",
      "Keyboard Map": {},
      "Ansi 3 Color (Dark)": {
        "Red Component": 0.7805864810943604,
        "Color Space": "sRGB",
        "Blue Component": 0,
        "Alpha Component": 1,
        "Green Component": 0.7695948481559753
      },
      "AWDS Window Option": "Recycle",
      "Visual Bell": true,
      "Only The Default BG Color Uses Transparency": true,
      "Cursor Text Color": {
        "Red Component": 1,
        "Color Space": "sRGB",
        "Blue Component": 1,
        "Alpha Component": 1,
        "Green Component": 1
      },
      "AWDS Tab Directory": "",
      "Scrollback Lines": 0,
      "Selection Color (Light)": {
        "Red Component": 0.7019608020782471,
        "Color Space": "sRGB",
        "Blue Component": 1,
        "Alpha Component": 1,
        "Green Component": 0.843137264251709
      },
      "Ansi 0 Color": {
        "Red Component": 0.0784313753247261,
        "Color Space": "sRGB",
        "Blue Component": 0.11764705926179886,
        "Alpha Component": 1,
        "Green Component": 0.09803921729326248
      },
      "Ansi 11 Color (Light)": {
        "Red Component": 0.9259033203125,
        "Color Space": "sRGB",
        "Blue Component": 0,
        "Alpha Component": 1,
        "Green Component": 0.8833775520324707
      },
      "Ansi 5 Color (Dark)": {
        "Red Component": 0.752197265625,
        "Color Space": "sRGB",
        "Blue Component": 0.7449436187744141,
        "Alpha Component": 1,
        "Green Component": 0.24931684136390686
      },
      "Cursor Text Color (Light)": {
        "Red Component": 1,
        "Color Space": "sRGB",
        "Blue Component": 1,
        "Alpha Component": 1,
        "Green Component": 1
      },
      "Silence Bell": false,
      "Rows": 25,
      "Draw Powerline Glyphs": true,
      "Guid": "06301B61-05C8-46BB-A134-30C65F46FFD9",
      "Ansi 14 Color (Dark)": {
        "Red Component": 0.3759753108024597,
        "Color Space": "sRGB",
        "Blue Component": 1,
        "Alpha Component": 1,
        "Green Component": 0.9926329255104065
      },
      "Ansi 15 Color (Dark)": {
        "Red Component": 0.9999960064888,
        "Color Space": "sRGB",
        "Blue Component": 1,
        "Alpha Component": 1,
        "Green Component": 1
      },
      "Ansi 0 Color (Dark)": {
        "Red Component": 0.0784313753247261,
        "Color Space": "sRGB",
        "Blue Component": 0.11764705926179886,
        "Alpha Component": 1,
        "Green Component": 0.09803921729326248
      },
      "Ambiguous Double Width": false,
      "Option Key Sends": 0,
      "Ansi 3 Color": {
        "Red Component": 0.7805864810943604,
        "Color Space": "sRGB",
        "Blue Component": 0,
        "Alpha Component": 1,
        "Green Component": 0.7695948481559753
      },
      "Window Type": 0,
      "BM Growl": true,
      "Prompt Before Closing 2": false,
      "Command": "",
      "AWDS Tab Option": "Recycle",
      "Selected Text Color": {
        "Red Component": 0,
        "Color Space": "sRGB",
        "Blue Component": 0,
        "Alpha Component": 1,
        "Green Component": 0
      },
      "Ansi 14 Color (Light)": {
        "Red Component": 0.3759753108024597,
        "Color Space": "sRGB",
        "Blue Component": 1,
        "Alpha Component": 1,
        "Green Component": 0.9926329255104065
      },
      "Automatically Enable Alternate Mouse Scroll": true,
      "Cursor Guide Color (Dark)": {
        "Red Component": 0.37649588016392954,
        "Color Space": "sRGB",
        "Blue Component": 0.9409904479980469,
        "Alpha Component": 0.25,
        "Green Component": 0.8023261774920553
      },
      "Send Code When Idle": false,
      "Ansi 6 Color": {
        "Red Component": 0,
        "Color Space": "sRGB",
        "Blue Component": 0.7816620469093323,
        "Alpha Component": 1,
        "Green Component": 0.7742590308189392
      },
      "Jobs to Ignore": [
        "rlogin",
        "ssh",
        "slogin",
        "telnet"
      ],
      "Badge Color (Dark)": {
        "Red Component": 0.9787440299987793,
        "Color Space": "sRGB",
        "Blue Component": 0.6521859746214886,
        "Alpha Component": 0.5,
        "Green Component": 0.6521859746214886
      },
      "Cursor Color": {
        "Red Component": 0,
        "Color Space": "sRGB",
        "Blue Component": 0,
        "Alpha Component": 1,
        "Green Component": 0
      },
      "Vertical Spacing": 1,
      "Disable Window Resizing": true,
      "Close Sessions On End": true,
      "Selection Color (Dark)": {
        "Red Component": 0.7019608020782471,
        "Color Space": "sRGB",
        "Blue Component": 1,
        "Alpha Component": 1,
        "Green Component": 0.843137264251709
      },
      "Default Bookmark": "No",
      "Foreground Color (Light)": {
        "Red Component": 0.06274509803921569,
        "Color Space": "sRGB",
        "Blue Component": 0.06274509803921569,
        "Alpha Component": 1,
        "Green Component": 0.06274509803921569
      },
      "Custom Command": "No",
      "Background Color (Dark)": {
        "Red Component": 0.0806884765625,